id,name,model_id:id,group_id:id,perm_read,perm_write,perm_create,perm_unlink
access_delivery_carrier,delivery.carrier,model_delivery_carrier,base.group_sale_salesman,1,0,0,0
access_delivery_grid,delivery.grid,model_delivery_grid,base.group_sale_salesman,1,0,0,0
access_delivery_grid_line,delivery.grid.line,model_delivery_grid_line,base.group_sale_salesman,1,0,0,0
access_delivery_carrier_manager,delivery.carrier,model_delivery_carrier,base.group_sale_manager,1,1,1,1
access_delivery_grid_manager,delivery.grid,model_delivery_grid,base.group_sale_manager,1,1,1,1
access_delivery_grid_line_manager,delivery.grid.line,model_delivery_grid_line,base.group_sale_manager,1,1,1,1
access_delivery_carrier_partner_manager,delivery.carrier partner_manager,model_delivery_carrier,base.group_partner_manager,1,0,0,0
