<?xml version="1.0"?>
<openerp>
    <data>

        <!--******************************** Form view  ************************************** -->
        <record model="ir.ui.view" id="view_hts_form">
            <field name="name">shipment.hts.form</field>
            <field name="model">shipment.hts</field>
            <field name="arch" type="xml">
                <form string="shipment.hts" version="7.0">
                    <header>

                    </header>

                    <sheet>
                        <group>
                            <group>

                                <field name="section" select="1"/>
                                <field name="chapter" select="2"/>
                                <field name="heading" select="0"/>
                                <field name="hts_heading_id" select="2"/>
                                <field name="description" select="0"/>
                                <field name="general" select="0"/>
                            </group>
                            <group>
                                <field name="suffix" select="1"/>
                                <field name="hts" select="0"/>
                                <field name="u1" select="0"/>
                                <field name="order" select="1"/>
                                <field name="unit" select="1"/>
                                <field name="special" select="0"/>
                                <field name="other" select="0"/>
                            </group>
                        </group>
                    </sheet>

                </form>
            </field>
        </record>

        <!--******************************** Tree view / Listing View  ************************************** -->
        <record model="ir.ui.view" id="view_hts_tree">
            <field name="name">shipment.hts.tree</field>
            <field name="model">shipment.hts</field>
            <field name="arch" type="xml">
                <tree string="shipment.hts">
                    <field name="section"/>
                    <field name="chapter"/>
                    <field name="heading"/>
                    <field name="hts_heading_id"/>
                    <field name="suffix"/>
                    <field name="hts"/>
                    <field name="u1"/>
                    <field name="order"/>
                    <field name="unit"/>
                </tree>
            </field>
        </record>

        <!--******************************** Search View  ************************************** -->
        <record model="ir.ui.view" id="view_shipment_hts_filter">
            <field name="name">shipment.hts.select</field>
            <field name="model">shipment.hts</field>
            <field name="arch" type="xml">
                <search string="Search HTS">
                    <field name="chapter" filter_domain="[('chapter','=',self)]"/>
                    <field name="heading" filter_domain="[('name','ilike',self)]"/>
                    <field name="hts_heading_id" filter_domain="[('hts_heading_id','=',self)]"/>
               </search>
            </field>
        </record>



        <!--******************************** View Actions  ************************************** -->
        <record model="ir.actions.act_window" id="action_hts">
            <field name="name">HTS</field>
            <field name="res_model">shipment.hts</field>
            <field name="view_type">form</field>
            <field name="view_mode">tree,form</field>
            <field name="domain">[]</field>
            <field name="context">{}</field>
            <field name="help" type="html">
              <p class="oe_view_nocontent_create">
                Click to Define a New HTS.
              </p><p>
                Description goes Here.
              </p>
            </field>
        </record>

        <record id="action_hts_form_view1" model="ir.actions.act_window.view">
            <field eval="0" name="sequence"/>
            <field name="view_mode">tree</field>
            <field name="view_id" ref="view_hts_tree"/>
            <field name="act_window_id" ref="action_hts"/>
        </record>

        <record id="action_hts_form_view2" model="ir.actions.act_window.view">
            <field eval="2" name="sequence"/>
            <field name="view_mode">form</field>
            <field name="view_id" ref="view_hts_form"/>
            <field name="act_window_id" ref="action_hts"/>
        </record>

        <!--******************************** Menu Item Defined  ************************************** -->
        <menuitem id="menu_item_hts" parent="menu_section_shipment" name="HTS" action="action_hts" />

    </data>

</openerp>


