<?xml version="1.0" encoding="utf-8"?>
<openerp>
    <data>
<!-- Adding the fields from product.product to the screen -->
        <record id="view_partner_form_inherited" model="ir.ui.view">
            <field name="name">res.partner.form.inherit</field>
            <field name="model">res.partner</field>
            <field name="inherit_id" ref="base.view_partner_form"/>
            <field name="arch" type="xml">
                <field name="is_company" position="before">
                    <field name="is_freight_forwarder" attrs="{'invisible': [('customer', '=', 1)]}"/>
                    <label for="is_freight_forwarder" string="Is a Forwarder?" attrs="{'invisible': [('customer', '=', 1)]}"/>

                    <field name="is_carrier" attrs="{'invisible': [('customer', '=', 1)]}"/>
                    <label for="is_carrier" string="Is a Carrier?" attrs="{'invisible': [('customer', '=', 1)]}"/>
                </field>
            </field>
        </record>

        <record id="view_partners_search_forwarder" model="ir.ui.view">
            <field name="name">res.partner.select.search.inherit</field>
            <field name="model">res.partner</field>
            <field name="type">search</field>
            <field name="inherit_id" ref="base.view_res_partner_filter"/>
            <field name="arch" type="xml">
                <xpath expr="//filter[@name='supplier']" position="after">
                    <filter string="Freight Forwarder" name="freight_forwarder" icon="terp-personal" domain="[('is_freight_forwarder','=','1')]" />
                    <filter string="Carrier" name="carrier" icon="terp-personal" domain="[('is_carrier','=','1')]" />
                </xpath>
            </field>
        </record>

    </data>
</openerp>