<?xml version="1.0"?>
<openerp>
    <data>

        <!--******************************** Form view  ************************************** -->
        <record model="ir.ui.view" id="view_port_form">
            <field name="name">shipment.port.form</field>
            <field name="model">shipment.port</field>
            <field name="arch" type="xml">
                <form string="shipment.port" version="7.0">
                    <header>

                    </header>

                    <sheet>
                        <group>
                            <group>

                                <field name="port_lading" select="1"/>
                                <field name="port_unlading" select="2"/>
                                <field name="ramport_key" select="0"/>
                                <field name="name" select="0" on_change="on_change_get_sister_port(port_lading, port_unlading)"/>
                                <field name="type" select="0"/>
                                <field name="3461_7501" select="0"/>
                                <field name="sister_port"/>
                            </group>

                            <group>
                                <field name="phone" select="0"/>
                                <field name="fax" select="0"/>
                                <field name="website" select="0"/>
                                <field name="username" select="0"/>
                                <field name="password" select="0"/>
                                <field name="notes" select="0"/>
                            </group>
                        </group>
                    </sheet>

                </form>
            </field>
        </record>

        <record model="ir.ui.view" id="view_port_lading_form">
            <field name="name">shipment.port.form</field>
            <field name="model">shipment.port</field>
            <field name="arch" type="xml">
                <form string="shipment.port" version="7.0">
                    <header>

                    </header>

                    <sheet>
                        <group>
                            <group>

                                <field name="port_lading" select="1" readonly="1"/>
                                <field name="port_unlading" select="2" invisible="1"/>
                                <field name="ramport_key" select="0"/>
                                <field name="name" select="0"/>
                                <field name="type" select="0"/>
                                <field name="3461_7501" select="0"/>
                                <field name="sister_port" domain="[('port_lading','=',1)]"/>
                            </group>

                            <group>
                                <field name="phone" select="0"/>
                                <field name="fax" select="0"/>
                                <field name="website" select="0"/>
                                <field name="username" select="0"/>
                                <field name="password" select="0"/>
                                <field name="notes" select="0"/>
                            </group>
                        </group>
                    </sheet>

                </form>
            </field>
        </record>

        <record model="ir.ui.view" id="view_port_unlading_form">
            <field name="name">shipment.port.form</field>
            <field name="model">shipment.port</field>
            <field name="arch" type="xml">
                <form string="shipment.port" version="7.0">
                    <header>

                    </header>

                    <sheet>
                        <group>
                            <group>

                                <field name="port_lading" select="1" invisible="1"/>
                                <field name="port_unlading" select="2" readonly="1"/>
                                <field name="ramport_key" select="0"/>
                                <field name="name" select="0"/>
                                <field name="type" select="0"/>
                                <field name="3461_7501" select="0"/>
                                <field name="sister_port" domain="[('port_unlading','=',1)]"/>
                            </group>

                            <group>
                                <field name="phone" select="0"/>
                                <field name="fax" select="0"/>
                                <field name="website" select="0"/>
                                <field name="username" select="0"/>
                                <field name="password" select="0"/>
                                <field name="notes" select="0"/>
                            </group>
                        </group>
                    </sheet>

                </form>
            </field>
        </record>


        <!--******************************** Tree view / Listing View  ************************************** -->
        <record model="ir.ui.view" id="view_port_tree">
            <field name="name">shipment.port.tree</field>
            <field name="model">shipment.port</field>
            <field name="arch" type="xml">
                <tree string="shipment.port">
                    <field name="name"/>
                    <field name="ramport_key"/>
                    <field name="type"/>
                </tree>
            </field>
        </record>



        <!--******************************** Search View  ************************************** -->
        <record model="ir.ui.view" id="view_shipment_port_filter">
            <field name="name">shipment.port.select</field>
            <field name="model">shipment.port</field>
            <field name="arch" type="xml">
                <search string="Search Port">
                    <field name="ramport_key" filter_domain="[('ramport_key','=',self)]"/>
                    <field name="name" filter_domain="['|',('name','ilike',self),('sister_port','ilike',self)]"/>
                    <separator/>
                    <filter string="Ports Of Lading" name="port_lading" domain="[('port_lading','=',1)]" help="Ports Of Lading"/>
                    <filter string="Ports Of UnLading" name="port_unlading" domain="[('port_unlading','=',1)]" help="Ports Of UnLading"/>
                    <filter string="3461-7501" name="3461_7501" domain="[('3461_7501','=',1)]" help="3461_7501"/>
                    <filter string="NOT 3461-7501" name="3461_7501" domain="[('3461_7501','=',0)]" help="NOT 3461_7501"/>
               </search>
            </field>
        </record>



        <!--******************************** View Actions  ************************************** -->
        <record model="ir.actions.act_window" id="action_port">
            <field name="name">Port</field>
            <field name="res_model">shipment.port</field>
            <field name="view_type">form</field>
            <field name="view_mode">tree,form</field>
            <field name="domain">[]</field>
            <field name="context">{}</field>
            <field name="help" type="html">
              <p class="oe_view_nocontent_create">
                Click to Define a New Port.
              </p><p>
                Description goes Here.
              </p>
            </field>
        </record>

         <record model="ir.actions.act_window" id="action_port_lading">
            <field name="name">Port</field>
            <field name="res_model">shipment.port</field>
            <field name="view_type">form</field>
            <field name="view_mode">tree,form</field>
            <field name="view_id" ref="view_port_lading_form"/>
            <field name="domain">[('port_lading','=',1)]</field>
            <field name="context">{'default_port_lading':True}</field>
            <field name="help" type="html">
              <p class="oe_view_nocontent_create">
                Click to Define a New Port Lading.
              </p><p>
                Description goes Here.
              </p>
            </field>
        </record>

         <record model="ir.actions.act_window" id="action_port_unlading">
            <field name="name">Port</field>
            <field name="res_model">shipment.port</field>
            <field name="view_type">form</field>
            <field name="view_mode">tree,form</field>
            <field name="domain">[('port_unlading','=',1)]</field>
            <field name="context">{'default_port_unlading':True}</field>
            <field name="view_id" ref="view_port_unlading_form"/>
            <field name="help" type="html">
              <p class="oe_view_nocontent_create">
                Click to Define a New Port Unlading.
              </p><p>
                Description goes Here.
              </p>
            </field>
        </record>


        <record id="action_port_form_view1" model="ir.actions.act_window.view">
            <field eval="0" name="sequence"/>
            <field name="view_mode">tree</field>
            <field name="view_id" ref="view_port_tree"/>
            <field name="act_window_id" ref="action_port"/>
        </record>

        <record id="action_port_form_view2" model="ir.actions.act_window.view">
            <field eval="2" name="sequence"/>
            <field name="view_mode">form</field>
            <field name="view_id" ref="view_port_form"/>
            <field name="act_window_id" ref="action_port"/>
        </record>

        <record id="action_port_lading_form_view1" model="ir.actions.act_window.view">
            <field eval="0" name="sequence"/>
            <field name="view_mode">tree</field>
            <field name="view_id" ref="view_port_tree"/>
            <field name="act_window_id" ref="action_port_lading"/>
        </record>

        <record id="action_port_lading_form_view2" model="ir.actions.act_window.view">
            <field eval="2" name="sequence"/>
            <field name="view_mode">form</field>
            <field name="view_id" ref="view_port_lading_form"/>
            <field name="act_window_id" ref="action_port_lading"/>
        </record>

        <record id="action_port_unlading_form_view1" model="ir.actions.act_window.view">
            <field eval="0" name="sequence"/>
            <field name="view_mode">tree</field>
            <field name="view_id" ref="view_port_tree"/>
            <field name="act_window_id" ref="action_port_unlading"/>
        </record>

        <record id="action_port_unlading_form_view2" model="ir.actions.act_window.view">
            <field eval="2" name="sequence"/>
            <field name="view_mode">form</field>
            <field name="view_id" ref="view_port_unlading_form"/>
            <field name="act_window_id" ref="action_port_unlading"/>
        </record>

        <!--******************************** Menu Item Defined  ************************************** -->
        <menuitem id="menu_item_port" parent="menu_section_port" name="Ports" action="action_port"
                icon="terp-product"/>
        <menuitem id="menu_item_port_lading" parent="menu_section_port" name="Ports Lading" action="action_port_lading"/>
        <menuitem id="menu_item_port_unlading" parent="menu_section_port" name="Ports UnLading" action="action_port_unlading"/>
    </data>

</openerp>


