<?xml version="1.0"?>
<openerp>
    <data>

        <!--******************************** Form view  ************************************** -->
        <record model="ir.ui.view" id="view_statements_form">
            <field name="name">shipment.statements.form</field>
            <field name="model">shipment.statements</field>
            <field name="arch" type="xml">
                <form string="shipment.statements" version="7.0">
                <!--<form string="shipment.statements" version="7.0" edit="false" states="{'billed':[('edit',true)]}">-->
                    <header>
                        <!--<button name="invoice_open" states="draft,proforma2" string="Validate" class="oe_highlight" groups="account.group_account_invoice"/>-->
                        <button class="oe_highlight" states="open"  name="generate_statement_invoice" string="Create Invoice" type="object" />
                        <button class="oe_highlight" states="draft"  name="validate_statement" string="Validate" type="object" />
                        <!--<button class="oe_highlight" name="browse_url" string="_Browse" type="object" icon="gtk-ok"/>-->
                        <button name="view_statement_invoice" string="View Invoice" type="object" class="oe_highlight"
                           attrs="{'invisible': [('state','!=','billed')]}" groups="base.group_user"/>
                        <field name="state" widget="statusbar" statusbar_visible="draft,open,save" statusbar_colors='{}'/>

                    </header>

                    <sheet>
                        <group>
                            <field name="name" select="1" attrs="{'readonly':[('state','!=','draft')]}"/>
                            <field name="inv_num" select="2" attrs="{'readonly':[('state','!=','draft')]}"/>
                            <field name="type" select="2" attrs="{'readonly':[('state','!=','draft')]}"/>
                            <field name="date" select="0" attrs="{'readonly':[('state','!=','draft')]}"/>
                            <field name="tot_est_duty" select="0" attrs="{'readonly':[('state','!=','draft')]}"/>
                            <field name="merc_fee" select="0" attrs="{'readonly':[('state','!=','draft')]}"/>
                            <field name="merc_sur_fee" select="0" attrs="{'readonly':[('state','!=','draft')]}"/>
                            <field name="ww_fee" select="0" attrs="{'readonly':[('state','!=','draft')]}"/>
                            <field name="tot_amt_due" select="0" attrs="{'readonly':[('state','!=','draft')]}"/>
                            <field name="revised_total" readonly="1" attrs="{'readonly':[('state','!=','draft')]}"/>
                            <field name="expiry_date" select="2" attrs="{'readonly':[('state','!=','draft')]}"/>
                            <field name="notes" select="0"/>

                            <!--field name="entry_ids"/-->
                        </group>
                        <notebook>
                            <page string="Statement Entries">
                                <field name="entry_ids" colspan="4" attrs="{'readonly':[('state','!=','draft')]}">
                                    <form string="Statement Entry Lines" version="7.0">
                                        <group>
                                            <group>
                                                <field name="entry_num"/>
                                                <field name="tp"/>
                                                <field name="st"/>
                                                <field name="est_duty"/>
                                                <field name="est_tax"/>
                                                <field name="est_cvd"/>
                                                <field name="est_ada"/>
                                                <field name="usr_fee"/>
                                                <field name="tot_amt"/>
                                                <field name="dty_st"/>
                                            </group>
                                        </group>
                                    </form>

                                    <tree string="Statement Entries" editable="bottom">
                                        <field name="entry_num"/>
                                        <field name="tp"/>
                                        <field name="st"/>
                                        <field name="est_duty"/>
                                        <field name="est_tax"/>
                                        <field name="est_cvd"/>
                                        <field name="est_ada"/>
                                        <field name="usr_fee"/>
                                        <field name="tot_amt"/>
                                        <field name="dty_st"/>
                                        <field id="name" name="exclude"/>
                                    </tree>

                                </field>
                            </page>

                        </notebook>
                    </sheet>

                    <div class="oe_chatter">
                        <field name="message_follower_ids" widget="mail_followers" groups="base.group_user"/>
                        <field name="message_ids" widget="mail_thread"/>
                    </div>

                </form>
            </field>
        </record>

        <!--******************************** Tree view / Listing View  ************************************** -->
        <record model="ir.ui.view" id="view_statements_tree">
            <field name="name">shipment.statements.tree</field>
            <field name="model">shipment.statements</field>
            <field name="arch" type="xml">
                <tree string="shipment.statements" colors="red:state=='draft';blue:state=='open'">
                <!--<tree string="shipment.statements">-->
                  <field name="name" select="1"/>
                  <field name="inv_num" select="2"/>
                  <field name="type" select="2"/>
                  <field name="date" select="0"/>
                  <field name="tot_est_duty" select="0"/>
                  <field name="merc_fee" select="0"/>
                  <field name="merc_sur_fee" select="0"/>
                  <field name="ww_fee" select="0"/>
                  <field name="tot_amt_due" select="0"/>
                  <field name="state" select="0"/>
                 <!-- <field name="expiry_date" select="2"/>
                  <field name="notes" select="0"/>-->
                </tree>
            </field>
        </record>

        <!--******************************** Search View  ************************************** -->
        <record model="ir.ui.view" id="view_shipment_statements_filter">
            <field name="name">shipment.statements.select</field>
            <field name="model">shipment.statements</field>
            <field name="arch" type="xml">
                <search string="Search Statements">
                    <field name="inv_num" filter_domain="[('inv_num','=',self)]"/>
                    <field name="name" filter_domain="[('name','ilike',self)]"/>
               </search>
            </field>
        </record>



        <!--******************************** View Actions  ************************************** -->
        <record model="ir.actions.act_window" id="action_statements">
            <field name="name">Statements</field>
            <field name="res_model">shipment.statements</field>
            <field name="view_type">form</field>
            <field name="view_mode">tree,form</field>
            <field name="domain">[]</field>
            <field name="context">{}</field>
            <field name="help" type="html">
              <p class="oe_view_nocontent_create">
                Click to Define a New Statement.
              </p><p>
                Description goes Here.
              </p>
            </field>
        </record>

        <record id="action_statements_form_view1" model="ir.actions.act_window.view">
            <field eval="0" name="sequence"/>
            <field name="view_mode">tree</field>
            <field name="view_id" ref="view_statements_tree"/>
            <field name="act_window_id" ref="action_statements"/>
        </record>

        <record id="action_statements_form_view2" model="ir.actions.act_window.view">
            <field eval="2" name="sequence"/>
            <field name="view_mode">form</field>
            <field name="view_id" ref="view_statements_form"/>
            <field name="act_window_id" ref="action_statements"/>
        </record>


        <!-- Statement-related subtypes for messaging / Chatter -->
        <record id="mt_shipment_statement_invoice" model="mail.message.subtype">
            <field name="name">Custom Statement Invoice Generated</field>
            <field name="res_model">shipment.statements</field>
            <field name="default" eval="False"/>
            <field name="description">Invoice Generated</field>
        </record>
        <record id="mt_shipment_statement_confirmed" model="mail.message.subtype">
            <field name="name">Custom Statement Confirmed</field>
            <field name="res_model">shipment.statements</field>
            <field name="default" eval="False"/>
            <field name="description">Invoice confirmed</field>
        </record>


        <!--******************************** Report actions  ************************************** -->
        <report auto="False" id="report_shipment_statements"  model="shipment.statements" name="shipment.statements"
                rml="shipment/report/shipment_statements.rml" string="Statements Report" usage="default"/>



        <!--******************************** Menu Item Defined  ************************************** -->
        <menuitem id="menu_item_statements" parent="menu_section_shipment" name="Statements" action="action_statements"
                icon="terp-product"/>

    </data>

</openerp>


