<?xml version="1.0" encoding="utf-8"?>
<openerp>
<data noupdate="0">

    <record model="ir.module.category" id="module_category_shipment_shipment">
            <field name="name">Shipment</field>
            <field name="description">Helps you handle your Shipment Module.</field>
            <field name="sequence">10</field>
        </record>

    <record id="group_shipment_admin" model="res.groups">
        <field name="name">shipment admin</field>
        <field name="category_id" ref="shipment.module_category_shipment_shipment"/>
        <field name="users" eval="[(4, ref('base.user_root'))]"/>
        <field name="implied_ids" eval="[(4, ref('base.group_user'))]"/>
    </record>


</data>

</openerp>
